companyName,articleTitle,publishedDate,description,sourceUrl
Aurelia Systems,Aurelia Systems to Acquire Nimbus Robotics,2023-02-14 09:00:00,"Aurelia Systems said on Tuesday it had agreed to acquire Nimbus Robotics, a warehouse automation supplier, in a cash-and-stock transaction. Aurelia Systems will absorb the Nimbus Robotics engineering organisation and its autonomous navigation portfolio. Executives at Aurelia Systems described the deal as the company's largest acquisition to date and said Nimbus Robotics would continue operating under its own brand through the end of the year.",https://example.test/aurelia-systems-to-acquire-nimbus-robotics
Nimbus Robotics,Nimbus Robotics unveils PathSense navigation stack,2023-03-02 09:00:00,"Nimbus Robotics has developed PathSense, a navigation stack that fuses lidar and wheel odometry for indoor fleets. Nimbus Robotics said PathSense was built in-house over eighteen months and is now deployed across pilot warehouses. PathSense is the first product Nimbus Robotics has shipped since the company entered acquisition talks.",https://example.test/nimbus-robotics-unveils-pathsense-navigation-stack
Veritas Capital Partners,Veritas Capital Partners leads round in Aurelia Systems,2023-04-11 09:00:00,"Veritas Capital Partners has invested in Aurelia Systems, taking a minority stake in the industrial software vendor. Veritas Capital Partners said the investment in Aurelia Systems would fund integration work following recent acquisitions. It is the second time Veritas Capital Partners has backed a company in the warehouse automation segment this year.",https://example.test/veritas-capital-partners-leads-round-in-aurelia-systems
Halcyon Labs,Halcyon Labs founded by former Aurelia engineer Mira Sandoval,2023-01-20 09:00:00,"Halcyon Labs was founded by Mira Sandoval, who previously worked at Aurelia Systems as a principal engineer on control software. Mira Sandoval founded Halcyon Labs after leaving Aurelia Systems in 2022. Halcyon Labs is building simulation tooling for robot fleets.",https://example.test/halcyon-labs-founded-by-former-aurelia-engineer-mira-sandova
Halcyon Labs,Veritas Capital Partners backs Halcyon Labs seed round,2023-05-09 09:00:00,"Veritas Capital Partners has invested in Halcyon Labs, the simulation startup founded by Mira Sandoval. Veritas Capital Partners said Halcyon Labs would use the capital to expand its engineering team. Halcyon Labs declined to disclose the valuation.",https://example.test/veritas-capital-partners-backs-halcyon-labs-seed-round
Orion Cloud,Orion Cloud partners with Aurelia Systems on edge deployment,2022-11-30 09:00:00,Orion Cloud has partnered with Aurelia Systems to deliver edge deployment tooling for factory customers. Under the partnership Orion Cloud will host Aurelia Systems workloads in regional data centres. Orion Cloud said the arrangement was non-exclusive.,https://example.test/orion-cloud-partners-with-aurelia-systems-on-edge-deployment
Orion Cloud,Orion Cloud acquires the Aurelia Systems edge unit,2023-06-15 09:00:00,"Orion Cloud has acquired the edge computing unit of Aurelia Systems, converting a two-year partnership into an outright purchase. Orion Cloud said the acquired Aurelia Systems team would join its infrastructure division. The companies had partnered since late 2022 before Orion Cloud moved to acquire the unit.",https://example.test/orion-cloud-acquires-the-aurelia-systems-edge-unit
Delphi AI,Delphi AI names Priya Raghunathan chief executive,2023-03-28 09:00:00,"Delphi AI has appointed Priya Raghunathan as chief executive officer, effective immediately. Priya Raghunathan leads Delphi AI after eight years at a rival natural language processing vendor. Delphi AI said Priya Raghunathan would focus on enterprise deployments.",https://example.test/delphi-ai-names-priya-raghunathan-chief-executive
Microsoft,Microsoft Corp expands Azure partnership with Aurelia Systems,2023-04-02 09:00:00,Microsoft Corp has partnered with Aurelia Systems to bring industrial control workloads to Azure. Microsoft Corp said the agreement extends an existing relationship. Aurelia Systems will use Microsoft Corp tooling for model deployment.,https://example.test/microsoft-corp-expands-azure-partnership-with-aurelia-system
Google,Google LLC invests in Delphi AI,2023-05-22 09:00:00,"Google LLC has invested in Delphi AI, the natural language platform led by Priya Raghunathan. Google LLC said Delphi AI would remain independent. The investment gives Google LLC no board seat, according to Delphi AI.",https://example.test/google-llc-invests-in-delphi-ai
Meta,Meta Platforms partners with Orion Cloud,2023-02-08 09:00:00,Meta Platforms has partnered with Orion Cloud on regional inference capacity. Meta Platforms said the deal with Orion Cloud covers three data centre regions.,https://example.test/meta-platforms-partners-with-orion-cloud
Aurelia Therapeutics,Aurelia Therapeutics reports phase two results,2023-03-15 09:00:00,"Aurelia Therapeutics, a clinical stage biotechnology company unrelated to industrial software vendors, reported phase two results for its lead candidate. Aurelia Therapeutics said it would partner with Helix Bio on manufacturing.",https://example.test/aurelia-therapeutics-reports-phase-two-results
Nimbus Biosciences,Nimbus Biosciences licenses assay platform,2023-04-19 09:00:00,Nimbus Biosciences has partnered with Helix Bio to license an assay platform. Nimbus Biosciences is a diagnostics company and is not affiliated with robotics suppliers.,https://example.test/nimbus-biosciences-licenses-assay-platform
Aurelia Systems,Aurelia Systems Inc uses PathSense in retrofit programme,2023-07-04 09:00:00,Aurelia Systems Inc has begun using PathSense across retrofit deployments. Aurelia Systems Inc said the navigation stack developed by Nimbus Robotics cut commissioning time. Aurelia Systems Inc partnered with Orion Cloud on hosting for the programme.,https://example.test/aurelia-systems-inc-uses-pathsense-in-retrofit-programme
Aurelia Systems,Aurelia Systems Corporation leads consortium with Delphi AI,2023-08-01 09:00:00,Aurelia Systems Corporation has partnered with Delphi AI on a shared research consortium. Aurelia Systems Corporation said Delphi AI would supply language models while Aurelia Systems Corporation contributes control software.,https://example.test/aurelia-systems-corporation-leads-consortium-with-delphi-ai
Helix Bio,Helix Bio partners with Aurelia Therapeutics and Nimbus Biosciences,2023-06-01 09:00:00,Helix Bio has partnered with Aurelia Therapeutics and with Nimbus Biosciences on manufacturing capacity. Helix Bio said both agreements are multi-year.,https://example.test/helix-bio-partners-with-aurelia-therapeutics-and-nimbus-bios
Aurelia Systems,Aurelia Systems to Acquire Nimbus Robotics (syndicated copy 1),2023-02-15 11:30:00,"Aurelia Systems said this week it had agreed to acquire Nimbus Robotics, a warehouse automation supplier, in a cash-and-stock transaction. Aurelia Systems will absorb the Nimbus Robotics engineering organisation and its autonomous navigation portfolio. Executives at Aurelia Systems described the deal as the company's biggest acquisition to date and said Nimbus Robotics would continue operating under its own brand through the end of the year.",https://syndicate0.test/aurelia-nimbus
Aurelia Systems,Aurelia Systems to Acquire Nimbus Robotics (syndicated copy 2),2023-02-16 11:30:00,"Aurelia Systems said this week it had agreed to acquire Nimbus Robotics, a warehouse automation supplier, in a cash-and-stock transaction. Aurelia Systems will absorb the Nimbus Robotics engineering organisation and its autonomous navigation portfolio. Executives at Aurelia Systems described the deal as the company's biggest acquisition to date and said Nimbus Robotics would continue operating under its own brand through the end of the year.",https://syndicate1.test/aurelia-nimbus
Aurelia Systems,Aurelia Systems to Acquire Nimbus Robotics (syndicated copy 3),2023-02-17 11:30:00,"Aurelia Systems said this week it had agreed to acquire Nimbus Robotics, a warehouse automation supplier, in a cash-and-stock transaction. Aurelia Systems will absorb the Nimbus Robotics engineering organisation and its autonomous navigation portfolio. Executives at Aurelia Systems described the deal as the company's biggest acquisition to date and said Nimbus Robotics would continue operating under its own brand through the end of the year.",https://syndicate2.test/aurelia-nimbus
Eightfold,Eightfold news roundup,2023-01-01 08:00:00,"Cal-Maine Foods Inc. on Tuesday reported that revenue more than doubled and its profit increased eightfold in the third quarter as prices for eggs rose significantly and even as avian bird flu continued to affect egg production. Cal-Maine Foods CALM shares rose about 4% after hours after falling 1.8% in the regular session to close at $54.27 as its results beat Wall Street expectations. As Interest Rates Rose Banks Did a Balance-Sheet Switcheroo As the Federal Reserve''s interest-rate hikes sent bond prices plunging last year some of the country''s largest banks used a simple accounting maneuver to help keep billions of dollars of losses from piling up on their books. They declared that they intended to hold on to large portions of their money-losing bonds until they matured rather than selling them and they then changed the bonds'' accounting labels accordingly. From then on the bonds would be frozen in time no matter how far their values fell in the market. Banking Worries Fuel Gold Price Rally Banking-sector turmoil and worries about the economy have gold prices hitting $2000 a troy ounce for the first time in a year. The most-actively traded gold futures contract has jumped 7.4% to $1973.50 this month reaching an intraday high of $2014.90 last week and on pace for the largest monthly percentage increase since May 2021. Prices hadn''t topped $2000 since Russia''s invasion of Ukraine last spring. BlackRock says the market is wrong on the Fed. Here are the bonds it''s recommending now. The Federal Reserve is going to stop throwing punches but it''s not about to cut interest rates even as signs of fragility in the financial sector emerge says leading fund manager BlackRock. In a note from the BlackRock Investment Institute the fund manager says the Fed and other central banks have made clear that banking troubles wouldn''t stop them from hiking interest rates. International stocks outperform decouple from U.S. equities by ''unusual degree'' International stocks are broadly outperforming this quarter decoupling from the U.S. to an unusual extent according to DataTrek Research. '""Non-US stocks have decoupled from domestic equities by a statistically unusual degree over the last 50 days'"" said Nicholas Colas co-founder of DataTrek in a note Tuesday. This together with their outperformance may bode well for flows into international stocks heading into the second quarter according to the note. German Consumer Sentiment Set to Improve in April Helped by Lower Energy Prices Consumer confidence in Germany is expected to improve again in April its sixth gain in as many months prompted by lower energy prices though momentum in the month weakened as recession fears loom. Germany''s forward-looking consumer-sentiment index forecasts confidence to tick up to minus 29.5 in April from a downwardly revised minus 30.6 in March the highest level since July 2022 according to data from market-research group GfK published Wednesday. Australian February Inflation Data Opens Door to Rate Hike Pause SYDNEY-Australia''s inflation pressures cooled in February opening the door to a pause in the Reserve Bank of Australia''s campaign of aggressive interest-rate increases that began almost a year ago. The monthly consumer-price index rose 6.8% in the year to February down from 7.4% in January and 8.4% in December the Australian Bureau of Statistics said Wednesday. Economists had expected an annual CPI increase of 7.1% in February. Lawmakers Scold Fed Over Silicon Valley Bank Collapse Senators rebuked the Federal Reserve for failing to prevent the collapse of Silicon Valley Bank despite identifying risks beforehand while the central bank''s top regulator blamed the firm''s executives for not fixing its problems. In an appearance Tuesday before the Senate Banking Committee Michael Barr the Fed''s vice chairman for banking supervision defended the actions of the Fed''s supervisors and said the central bank had privately raised concerns with SVB before its March 10 collapse and had given the lender poor ratings for managing its risks. Ukraine Downs Russian Warplane Near Bakhmut Ukraine said its forces shot down a Russian warplane near Bakhmut while repelling multiple attempts by the Kremlin''s forces to seize the eastern city which has become an important prize in the broader war. Bakhmut a small city in Ukraine''s eastern Donetsk region has become a central battleground in Russia''s assault on the country with the fight there taking on increasing symbolic and strategic importance to both sides after more than six months of brutal combat. Ukraine''s forces have held out in the city against overwhelming Russian firepower after the Kremlin''s forces began targeting the area last summer. Kevin McCarthy Pushes for Debt-Ceiling Talks as Unity Eludes GOP WASHINGTON-House Speaker Kevin McCarthy tried to prod President Biden into starting talks over spending cuts as a condition for raising the debt ceiling just as Republicans are struggling to unite around a blueprint for negotiations ahead of dual deadlines later this year. The White House released its own budget proposal earlier this month and has said it won''t negotiate on spending until Republicans put forward their own plan. Mr. McCarthy has rejected that notion and said in a letter to Mr. Biden that talks should start as soon as possible. While neither budget would have a chance of becoming law they serve to outline the parties'' policy intentions. Trump Grand Jury Won''t Consider Hush-Money Probe Again This Week The Manhattan grand jury investigating Donald Trump''s role in paying hush money to a porn star has concluded its work for the week according to people familiar with the matter making the timing of any potential charges against the former president unknown. The grand jury isn''t expected to meet Wednesday when it has often heard Trump-related evidence and any work the panel does on Thursday is expected to be on other cases the people said. It isn''t clear whether grand jurors will consider the Trump matter next week according to the people. Jamie Dimon to Face Questioning in Lawsuit Over JPMorgan''s Epstein Ties Jamie Dimon will be questioned in a civil lawsuit over JPMorgan Chase & Co.''s relationship with Jeffrey Epstein people familiar with the matter said. The U.S. Virgin Islands sued JPMorgan late last year saying the bank facilitated Esptein''s alleged sex trafficking and abuse by allowing him to remain a client and helping him send money to the late financier''s victims. Fire Started in Protest at Mexican Migrant Detention Center Kills Dozens Thirty-eight migrants were killed and 30 others injured in a fire at a migrant detention facility in the border city of Ciudad Juárez Mexico started by occupants protesting their impending deportation authorities said Tuesday. A surveillance video showed migrants trapped in locked cells as the fire erupted while two guards appeared to make no attempt to release the detained men as smoke filled the detention area. The authenticity of the video was confirmed by Interior Minister Adán Augusto López. Taiwan President''s U.S. Trip Touches a Flashpoint in U.S.-China Ties The U.S. and China have described Taiwan as the most volatile flashpoint in their increasingly fraught bilateral relations. Now after months of sparring by Washington and Beijing over the Ukraine war a suspected surveillance balloon TikTok and other issues Taiwan is set to return to the center of great power tensions with the island''s leader traveling to the U.S. U.S. Stops Sharing Data on Nuclear Forces With Russia The U.S. has informed Russia that it will no longer exchange key data on its strategic nuclear forces following Moscow''s decision to suspend its participation in the New START treaty cutting long-range nuclear arms U.S. officials said Tuesday. '""This is the first action we have taken within the treaty in response to Russia''s suspension'"" a senior Biden administration official said. '""It is our goal to encourage Russia to return to compliance with the treaty.'"" Too Much U.S. Government Information Is Classified Report Finds WASHINGTON-U.S. officials classify information that should either be public or more widely shared within the government hobbling national defense objectives and jeopardizing congressional oversight of the executive branch a Washington research organization found in a new report. The findings published Tuesday by the Nonproliferation Policy Education Center stem from a nearly two-year review of the U.S. classification system and are based on interviews with dozens of current and former officials from the Pentagon intelligence agencies the State Department and elsewhere as well as congressional staffers. Write to ina.kreutz@wsj.com TODAY IN CANADA Avino Silver & Gold Mines 4Q EPS 1c; 4Q Rev $14.6M; 4Q Adj EPS 3c Galiano Gold 4Q Gold Production Was 34090 Ounces; AGM Expected to Produce 100000 to 120000 Ounces at AISC1 Guidance of Between $1900/oz to $1975/oz in 2023; 4Q Rev $57.8M; 4Q EPS 13c; 4Q Net $83.7M; 4Q Adj Loss/Shr 3c Goeasy Provides Update on Canada Budget Announces New Funding Capacity; Expects to Keep Posting Annual Rise in Adj Diluted EPS Despite Govt Plan to Lower Max Allowable Rate of Interest to 35%; Govt Rate Cap Plan May Seriously Affect Other Lenders Reducing Competition and Driving Business to Those With Operating Leverage;",https://mirror.test/row0
Chia Network,Chia Network news roundup,2023-02-02 08:00:00,Still there is a chance the checks many retirees rely on to pay the bills could be delayed or temporarily reduced should the government default on its obligations for the first time since the U.S. Treasury was established in 1789. If the checks are held up the federal debt ceiling crisis could trigger household financial crises. Crypto Companies Test the Public Markets The 2023 market rebound is enabling some crypto companies to explore an option that appeared off the table just six months ago: trying to go public. Bitcoin-mining company Bitdeer Technologies listed on the Nasdaq last month after merging with a special-purpose acquisition company or SPAC a blank-check company so called for its use in helping businesses access public markets with fewer strings attached. Blockchain company Chia Network recently took another step toward going public while cloud-mining company BitFuFu and crypto cash-machine company Bitcoin Depot are working on plans to go public via SPAC mergers. Young Cyber Companies Face Uncertain Economy Newer cybersecurity companies are grappling with uncertain economic conditions as they find it harder to raise capital continue to trim their workforces and refocus on profits after long periods of chasing growth. Fed by a glut of venture-capital investment many private cybersecurity providers hired widely and expanded their operations significantly in recent years. Some have had to change direction quickly this year as global economies soured and interest rates rose sharply. Staff numbers have often been the first casualty. Trump Loss in Sexual-Abuse Case Casts Another Legal Cloud Over 2024 Bid A federal jury verdict holding Donald Trump liable for sexual abuse and defamation has injected new uncertainty into the 2024 presidential race testing whether voters and Republican allies will stick with him through another controversy. Tuesday''s decision on the allegations by columnist E. Jean Carroll marked the second time this year Mr. Trump has faced a significant legal setback following an April indictment on charges in New York related to hush-money payments to a porn star. Ms. Carroll''s allegations-and those of other women who have accused Mr. Trump of misconduct over the years-could be on the agenda Wednesday night when he is scheduled to participate in a CNN town hall in New Hampshire. George Santos Charged in Justice Department Probe Federal prosecutors have filed criminal charges against Rep. George Santos the embattled New York congressman who assumed office this year after lying about his biography during his campaign according to people familiar with the matter. Details of the criminal charges which have been filed under seal couldn''t immediately be determined but Mr. Santos has been under federal investigation since at least December. He also faces scrutiny from a number of other entities including local prosecutors in New York and the House Ethics Committee. Mr. Santos has faced accusations he engaged in unlawful activity during his 2022 campaign and failed to disclose required information. Write to paul.larkins@dowjones.com TODAY IN CANADA,https://mirror.test/row1
GO-NET,GO-NET news roundup,2023-03-03 08:00:00,Back in 2004 in a spare room in South Yorkshire Melody Maison’s director; Anna Elkington began to create the Melody Maison Empire that we all know and love today! She would use her garage as a miniature warehouse; take 5 parcels a day to the post office after the daily school run (kids in tow!) and answer emails at 2am. Over 15 years later Melody Maison has become a leading retailer for Shabby French Chic and vintage style home furnishings. Melody Maison is still very much a family run business with cousins brothers aunties and daughters all working together to offer a personal touch to every single Melody Maison customer. Of course we have added some fabulous members of staff outside of the Elkington heritage since then all of which we treasure just as much! The little things really do make a difference to us that’s why if you give us a call we won’t put you through to a robot we just have a customer care team here all day happy to answer any questions you may have. We design manufacture and distribute French style furniture to all corners of the globe and have many thousands of satisfied customers worldwide. I hope you will agree that we have many beautiful things mainly furniture ranges in our most popular colours; cream ivory and white. Each range of furniture is either designed by us and made exclusively for Melody Maison or sourced from our chosen suppliers from all over the world. Here at Melody Maison we have the most unique selection of French style furniture and home accessories in the world and pride ourselves in doing so. Our promise to you is to provide the smoothest and most stress free purchase you have ever experienced over the internet with fabulous customer service at every step of the way. You only have to read our reviews to realise we treat every customer with the up most respect that they deserve. Below i have written a list of things we believe we do differently here at Melody Maison and the promises we are committed to keeping.,https://mirror.test/row2
Activision Blizzard,Activision Blizzard news roundup,2023-04-04 08:00:00,"'""It''s been radio silence and that''s unusual for a series that typically runs its reveals like clockwork'""\n7zw6ttd917fmn512d7zawa65ipr0az2023-01-10 09:00:00https://www.marketwatch.com/press-release/fakra-connectors-market-research-report-provides-an-in-depth-insight-of-trends-2023-to-2028-2023-01-10FAKRA Connectors Market : Research Report Provides an In-Depth Insight of Trends 2023 To 2028https://firebasestorage.googleapis.com/v0/b/hackernoon-app.appspot.com/o/images%2Fimageedit_25_7084755369.gif?alt=media&token=ca7527b0-a214-46d4-af72-1062b3df1458Pages Report] Rising demand for Machinery & Equipment Industry will drive the FAKRA Connectors segment growth over the next five years. Global Market Analysis for FAKRA Conne\nu3frcayqeyqgu3u2d7zawa65ipr0az2023-08-16 09:47:00https://www.wamc.org/news/2023-08-16/wamc-sports-report-liberty-beat-aces-in-wnba-commissioners-cup-on-jonquel-jones-mvp-performanceWAMC Sports Report: Liberty beat Aces in WNBA Commissioner's Cup on Jonquel Jones' MVP performancehttps://www.bing.com/th?id=OVFT.o6nFC6f-NaqBd2unXOlYyS&pid=News""Marine Johannes scored 17 points with five 3-pointers Jonquel Jones had 16 points and 15 rebounds and the New York Liberty beat the Las Vegas Aces 82-63 to win the third WNBA Commissioner’s Cup championship.",https://mirror.test/row3
Apty,Apty news roundup,2023-05-05 08:00:00,"The head of Chechnya also published a video showing damaged equipment and '""corpses of Ukrainian attack aircraft'""\nnykudhm0qc62zmv6h9m94tew51stqo2023-07-12 00:00:00https://www.medpagetoday.com/practicemanagement/informationtechnologyInformation Technologyhttps://firebasestorage.googleapis.com/v0/b/hackernoon-app.appspot.com/o/images%2Fimageedit_25_7084755369.gif?alt=media&token=ca7527b0-a214-46d4-af72-1062b3df1458Visit us on Facebook. Opens in a new tab or window Visit us on Twitter. Opens in a new tab or window Visit us on Instagram. Opens in a new tab or window Visit us on LinkedIn. Opens in a new tab or ...\nz3v5c0asezlh6it6h9m94tew51stqo2023-07-27 11:15:00https://www.forbes.com/sites/forbestechcouncil/2023/07/27/how-to-apply-generative-ai-for-software-development/How To Apply Generative AI For Software Developmenthttps://www.bing.com/th?id=OVFT.3Qtmy6fA05F7n227e6FvvC&pid=News""Increasingly companies are starting to customize generative AI by taking an existing model and fine-tuning it to fit specific use cases. Examples across the SDLC include generating first drafts of code and documents as well as creating a '""coach on your shoulder'"" advisor to help developers upskill and provide guidance on system and code specifics.",https://mirror.test/row4
Flick,Flick news roundup,2023-06-06 08:00:00,"Reacher'"" and “The Hunger Games'"" star Allan Ritchson praised faith-based films as he looks toward the October release of his Christian film '""Ordinary Angels.'""\nmxa9w1dh6jliazrdsfunixvv2u9tmm2023-09-01 08:56:00https://www.wmur.com/article/manchester-new-hampshire-police-elm-street/44970016Manchester police investigating stabbing in Elm Street parking lothttps://www.bing.com/th?id=OVFT.5DcN6IufJ0ElJ7BNBh5otS&pid=NewsManchester police said they are investigating a stabbing that happened in a parking lot along Elm Street Thursday night. Police were placing evidence markers in the parking lot of the Firestone Complete Auto Care near Market Basket around 9:20 p.m.\nmgywxw8bwzm0t2edsfunixvv2u9tmm2022-11-26 11:48:00https://www.inforum.com/business/best-customer-service-wheels-motors-fix-it-forward-auto-careBest Customer Service - Wheels & Motors: Fix It Forward Auto Carehttps://firebasestorage.googleapis.com/v0/b/hackernoon-app.appspot.com/o/images%2Fimageedit_25_7084755369.gif?alt=media&token=ca7527b0-a214-46d4-af72-1062b3df1458""What makes your team the best? “They truly care about our customers and the experience they have at Fix It Forward Auto Care” Owner Matthew Carlson said. “Much of that stems from the fact ...",https://mirror.test/row5
North Ladder,North Ladder news roundup,2023-07-07 08:00:00,"'""Being the wife of a handyman'"" columnist Jessie Veeder writes means that projects around the house are '""your life forever and ever amen.'""\nnpsf95hihzet3etckrywfh6u3cw3s22023-07-27 16:30:00https://www.msn.com/en-us/money/companies/norfolk-southern-s-east-palestine-derailment-costs-hit-803-million/ar-AA1erz6BNorfolk Southern’s East Palestine derailment costs hit $803 millionhttps://firebasestorage.googleapis.com/v0/b/hackernoon-app.appspot.com/o/images%2Fimageedit_25_7084755369.gif?alt=media&token=ca7527b0-a214-46d4-af72-1062b3df1458""according to the National Transportation Safety Board. “Adversity reveals character and tests resolve” said Norfolk Southern CEO Alan Shaw during a conference call to discuss the second-quarter results Thursday. “We continue to deliver on our ...",https://mirror.test/row6
Tagore Technology,Tagore Technology news roundup,2023-08-08 08:00:00,"The Defence Minister called upon students of Visva Bharati to do something '""noteworthy in life and think about how that can be benefiting the country'""\noczlkmbulgi7j0k03fmgd2lelyxx5f2023-07-27 23:59:00https://www.cambridgenetwork.co.uk/sectors/information-technology-and-telecomsInformation Technology and Telecomshttps://firebasestorage.googleapis.com/v0/b/hackernoon-app.appspot.com/o/images%2Fimageedit_25_7084755369.gif?alt=media&token=ca7527b0-a214-46d4-af72-1062b3df1458""24 July 2023 AudioTelligence breaks new ground in Assistive Tech with Earbud Assistive Listening Case AudioTelligence announces its innovative new product concept which for the first time integrates assistive listening technology into an earbud charging case.",https://mirror.test/row7
United Parcel Service,United Parcel Service news roundup,2023-09-09 08:00:00,"UPS and Teamsters may return to the bargaining table. Teamsters president Sean O''Brien said '""he''s ready to keep talking.'""\n17l4jql3gplehwjzipmacgwwb3fx262022-12-30 00:23:00https://www.insidermonkey.com/blog/royalty-pharma-plc-nasdaqrprx-q3-2022-earnings-call-transcript-1099596/Royalty Pharma plc (NASDAQ:RPRX) Q3 2022 Earnings Call Transcripthttps://firebasestorage.googleapis.com/v0/b/hackernoon-app.appspot.com/o/images%2Fimageedit_25_7084755369.gif?alt=media&token=ca7527b0-a214-46d4-af72-1062b3df1458""Royalty Pharma plc reports earnings inline with expectations. Reported EPS is $0.72 EPS expectations were $0.72. Operator: Ladies and gentlemen thank you for standing by. Welcome to the Royalty ...",https://mirror.test/row8
Animoca Brands,Animoca Brands news roundup,2023-10-10 08:00:00,"DOGAMÍ the Web3 game for NFT pet companions completes $14M seed round with a $7M extension '""led by European tech-investor XAnge.'""\nhpk45r8k3gi0elhlp7jifn27nunv3l2023-07-17 00:00:00https://technews.tmcnet.com/news/2023/07/17/9849421.htmBrinc Announces Summer 2023 Cohort for Web3-Focused Accelerator Programshttps://www.bing.com/th?id=OVFT.P3pMjpMQUNlNhbXELL-ZEC&pid=News""The 25 selected startups launched by 66 founders span five Web3 verticals: DeFi Entertainment & Loyalty Platforms Gaming Healthcare Technology & Infrastructure Brinc''s Summer 2023 Cohort received more than 700 applications from Web3 startups across 27 countries This round is Brinc''s third Web3 cohort",https://mirror.test/row9
AutoZone,AutoZone news roundup,2023-11-11 08:00:00,"Before he left his home APD reported that Simmons gave an officer his set of Auto Zone keys '""as he knew he would not need them anymore.'""\njic475ec9tlaldfsp85ssjzvgdqgzb2023-07-25 10:41:00https://www.titech.ac.jp/english/news/2023/067206Tokyo Tech Bulletin No. 70 is launchedhttps://firebasestorage.googleapis.com/v0/b/hackernoon-app.appspot.com/o/images%2Fimageedit_25_7084755369.gif?alt=media&token=ca7527b0-a214-46d4-af72-1062b3df1458""Tokyo Tech Bulletin is an email newsletter introducing Tokyo Tech''s research education and students'' activities. The latest edition '""Tokyo Tech Bulletin No. 70'",https://mirror.test/row10
LOKI,LOKI news roundup,2023-12-12 08:00:00,"Bailey Bass and AMC have confirmed she is not returning for Season 2 of the horror drama '""Interview with the Vampire.'""\na06lxykfqipgmgqkjct2t57nh7jft72023-03-17 18:34:00https://www.yahoo.com/news/dollar-general-enters-retail-labor-183400529.htmlDollar General enters the retail 'labor hoarding' war with a $100 million investment to boost scheduled hours for employeeshttps://www.bing.com/th?id=OVFT.UN36yvyoHgZ3CGETg19rTC&pid=News""CEO Jeff Owen said hourly wages are up 23% over the past three years and the focus is now on increasing workers'' earnings with more weekly hours.",https://mirror.test/row11
Anthem,Anthem news roundup,2023-01-13 08:00:00,"“Over the past year we have been extremely active with CSR activities engaging in community services and ... to continue finding new ways to improve lives around the world.'""\nif1ayp4s8chfgs6b9ury030ei3el3q2022-12-31 01:32:00https://www.wdrb.com/news/west-louisville-healthcare-options-expand-others-transition-service-to-better-serve-community/article_94a09574-81a0-11ed-b788-d31c112338f1.html""West Louisville healthcare options expand others transition service to better serve community",https://mirror.test/row12
Morgan Stanley,Morgan Stanley news roundup,2023-02-14 08:00:00,"Morgan Stanley''s analysts named buy-rated stocks where they have '""particularly high conviction that the market is not pricing the beat.'""\noobs56offwjlkjwj1mrbdao4kj0mra2023-08-31 15:43:00https://www.msn.com/en-us/news/technology/steven-bartlett-dr-lisa-cameron-mp-and-zksync-assemble-at-zebu-live-london-s-biggest-web3-event/ar-AA1g3fPm""Steven Bartlett Dr Lisa Cameron MP and zkSync assemble at Zebu Live London’s biggest Web3 event",https://mirror.test/row13
Dapper Labs,Dapper Labs news roundup,2023-03-15 08:00:00,"'""Despite our best efforts the investment opportunities we were working on didn’t pan out and we now find ourselves at the end of our runway.'""\n4y0htuyuyoryf3h16ziwh3n8ly6j232023-07-01 12:50:00https://www.dailymail.co.uk/femail/article-12247001/This-viral-serum-moisturizes-reduces-acne-clears-pores-reduced-56-just-13.html""This viral serum moisturizes reduces acne and clears pores and it''s reduced by 56% to just $13",https://mirror.test/row14
Netguru,Netguru news roundup,2023-04-16 08:00:00,GitHub as one of the cloud apps within the Microsoft ecosystem is consistently among the top exploited services but what stands out with this specific application is its flexibility which seems to be particularly compelling for attackers who are constantly looking for new evasion techniques to conceal their malicious intentions and make life harder for human security analysts and automated detection tools.,https://mirror.test/row15
OmegaPro,OmegaPro news roundup,2023-05-17 08:00:00,Table of Contents Introduction Key Takeaway Facts about OmegaPro Ltd Services Offered by OmegaPro Ltd Benefits of Choosing OmegaPro Ltd Frequently Asked Questions (FAQs) Introduction OmegaPro Ltd is a leading name in the world of forex trading and investment. With its cutting-edge technology and experienced team the company has gained a reputation for providing innovative […],https://mirror.test/row16
Kevin Guest House,Kevin Guest House news roundup,2023-06-18 08:00:00,The way they describe it Ferndale’s new Witch House Tattoo is bigger than husband-and-wife owners Pamela and Kevin McLeod. It’s almost as if some dark mysterious force is behind it. The two have had an extraordinary run of good fortune — or perhaps otherworldly intervention — in transforming the old house on Livernois Avenue into a new tattoo studio,https://mirror.test/row17
QD Laser Inc.,QD Laser Inc. news roundup,2023-07-19 08:00:00,Now known as “RTX” Raytheon has been closely involved in the development of weapons based on fiber laser sources for several years. It says that the 15 kW system heading to the UK is “operationally ready” and that it will be integrated onto one of the British Army’s “Wolfhound” patrol vehicles during October as part of a contract agreed in 2021.,https://mirror.test/row18
JumpCloud,JumpCloud news roundup,2023-08-20 08:00:00,In a screenshot of the notice sent to customers JumpCloud said: “Out of an abundance of caution relating to an ongoing security incident JumpCloud has invalidated your existing API keys…We apologise for any inconvenience this causes your organisation but the action was taken on your behalf as the most prudent course of action.”,https://mirror.test/row19
inEarth,inEarth news roundup,2023-09-21 08:00:00,In this segment of Nation Tonight with Afrida Rehman Ali we will talk about the release of Amritpal Singh''s aide Toofan Singh after massive protests.After Khalistan sympathiser Amritpal Singh''s supporters fought with police and stormed a police building in Amritsar to protest the detention of his close friend Toofan Singh,https://mirror.test/row20
NFThub,NFThub news roundup,2023-10-22 08:00:00,Over the Winter holiday someone filled all Mortal Kombat appreciators’ Christmas stockings up with something a lil’ extra: Mortal Kombat II’s source code on GitHub. The lawyers at Warner Bros. took exception to this by issuing a swift DMCA takedown notice that Github adhered to by disabling public access—but don’t fret,https://mirror.test/row21
Quizizz,Quizizz news roundup,2023-11-23 08:00:00,For teachers a sign-up is required to start using Quizizz. Basic details are required and can be done using a school-based email address as well as a Google or Microsoft account. The particularly useful thing with this tool is that it offers some great integration across the likes of Edmodo Google Classroom and Remind.,https://mirror.test/row22
Dantani Sports Group,Dantani Sports Group news roundup,2023-12-24 08:00:00,Castano (undisclosed) was sent outright to Triple-A Jacksonville by the Marlins on Friday. Castano is now off of the 40-man roster. The left-hander is currently on the 7-day injured list for Jacksonville but he can choose to elect free agency since this was the second time he''s been removed from the 40-man group.,https://mirror.test/row23
Cockroach Labs,Cockroach Labs news roundup,2023-01-25 08:00:00,Interview Distributed SQL database CockroachDB has taken nearly five years to port its service to Microsoft''s Azure platform – in contrast to rival MariaDB which released SkySQL in March 2020 on all three major clouds. But the time has been well spent CEO and co-founder Spencer Kimball promises The Register.,https://mirror.test/row24
Nearpod,Nearpod news roundup,2023-02-26 08:00:00,Newsela the leading K-12 instructional content platform announced today that Pep Carrera has been named Chief Executive Officer. Carrera who most recently served as CEO of Nearpod is an accomplished executive with a wealth of experience in EdTech and a passion for bringing innovation into classroom learning.,https://mirror.test/row25
HOVO,HOVO news roundup,2023-03-27 08:00:00,The Ohio State Buckeyes will be holding its annual spring football game Saturday afternoon at Ohio Stadium. Tickets are still available. You can purchase them by visiting this website. General admission tickets will cost $7 and there are limited number of reserved seating options available for $40 and $45,https://mirror.test/row26
Cintas,Cintas news roundup,2023-04-01 08:00:00,Aramark announced the Board of Directors for Aramark Uniform Services (AUS) the independent public company that will be formed following the spin-off. The transaction is expected to be completed at the end of the Company’s fiscal year and is intended to be tax-free to Aramark and its stockholders.,https://mirror.test/row27
Kefiplant,Kefiplant news roundup,2023-05-02 08:00:00,"The basil extracts market which was valued at USD 2.45 billion in 2022 is expected to reach the value of USD 3.88 billion by 2029 at a CAGR of 6.5% during the forecast period of 2023-2029. The Global '""Basil Extracts Market'"" Research report give detailed information with reference to market size",https://mirror.test/row28
Foodpanda,Foodpanda news roundup,2023-06-03 08:00:00,"A teenage boy allegedly assaulted a foodpanda rider at Le Quest Mall in Bukit Batok after the latter said '""See what?'""\ngm2qlxy9q3y673ce0wd952nwe4oxyk2023-02-21 13:05:00https://news.yahoo.com/cocaine-bear-meet-cannabis-raccoon-130500074.html""Cocaine Bear Meet Cannabis Raccoon and McFlurry Skunk",https://mirror.test/row29
Vinsol,Vinsol news roundup,2023-07-04 08:00:00,"UL Solutions Inc. (the '""Company'"") today announced that it has closed a private offering (the '""Offering'"") of $300 million aggregate principal amount of 6.500% senior notes due 2028 (the '""Notes'""). The Notes are guaranteed on a senior unsecured basis by the Company''s wholly owned subsidiary",https://mirror.test/row30
Pulumi,Pulumi news roundup,2023-08-05 08:00:00,Today’s Series C round was led by Madrona and saw participation from NEA Tola Capital and Strike Capital. It’s the first time Pulumi has sought outside funding since raising $37.5 million back in October 2020. All told Pulumi has now raised $99 million from investors since launching in 2017.,https://mirror.test/row31
Roadie Music by Band Industries,Roadie Music by Band Industries news roundup,2023-09-06 08:00:00,Hate to Love: Nickelback was directed by Leigh Brooks whose previous credits include the documentaries Terrorvision: Wired Up and Scary (2017) and The Sound of Scars (2022) a film about alt-metal stars Life of Agony. A trailer for Hate to Love: Nickelback has been released by the festival.,https://mirror.test/row32
Franklin Resources,Franklin Resources news roundup,2023-10-07 08:00:00,The following is a round-up of updates by London-listed companies issued on Thursday and not separately reported by Alliance News: Ground Rents Income Fund PLC - London-based investment company focusing on long-dated UK ground rents - Portfolio valuation per share on September 30 is 92.,https://mirror.test/row33
BIMM,BIMM news roundup,2023-11-08 08:00:00,Pale Waves are an English indie rock band from Manchester comprising of vocalist and rhythm guitarist Heather Baron-Gracie (born January 17th 1995) drummer Ciara Doran (born September 18 1994) lead guitarist Hugo Silvani (born June 3) and bass guitarist Charlie Wood (born September 5).,https://mirror.test/row34
Wolf777,Wolf777 news roundup,2023-12-09 08:00:00,By Divyesh Singh: The Enforcement Directorate (ED) on Tuesday carried out searches at a fintech company involved in an illegal betting case and froze 150 bank accounts of the firm collectively containing Rs 3.05 crore under provisions of the Prevention of Money Laundering Act (PMLA).,https://mirror.test/row35
Advancio,Advancio news roundup,2023-01-10 08:00:00,Confirm the first platform to inject science into performance reviews to ensure job advancement is based on data announced today that it has launched a new feature which is the first and only solution to make performance review calibration processes fairer and dramatically faster.,https://mirror.test/row36
TekRevol,TekRevol news roundup,2023-02-11 08:00:00,ITEK Teknologies has unveiled Yomen Cloud social media platform. ITEK has deployed AI and indigenous technological researches in building an app that blocks indecent content from the platform. It offers users three times what other social media platforms make available to users.,https://mirror.test/row37
Clouthub,Clouthub news roundup,2023-03-12 08:00:00,Lorann Cookies n'' Cream Super Strength - can be purchased at  5 cups all-purpose flour (600 g)hg 1 tsp salt 14 original Oreo cookies crushed in food processor *** Michael''s craft store sells a wide variety of Lorann extracts but I haven''t seen the Cookies and Cream flavor.,https://mirror.test/row38
Snapwire,Snapwire news roundup,2023-04-13 08:00:00,With the Snapwire app for iOS you can build your name as a photographer and potentially make money by taking shots for businesses. If your phone or tablet is running one of the latest versions of Android you can prompt Google Now with a simple voice command from any screen.,https://mirror.test/row39
Dropbox,Dropbox news roundup,2023-05-14 08:00:00,"If someone said '""startup'"" while we were playing a word association game I’d respond with '""fundraising.'"" Asking people for money is a key aspect of every founder''s journey but Techstars Managing Director Collin Wallace says it can also '""accelerate your demise.",https://mirror.test/row40
Coupang,Coupang news roundup,2023-06-15 08:00:00,BofA Securities downgraded its Coupang Inc. [CPNG] rating to a Neutral from a a Buy in a research note published on Friday March 02 2023; the price target was decreased to $18 from $27. PT values the company’s stock at a premium of 3.33 to its Friday closing price.,https://mirror.test/row41
Sigma Computing (hiring!),Sigma Computing (hiring!) news roundup,2023-07-16 08:00:00,"'""The Class of 2023 has many exciting job opportunities awaiting them though some companies are starting to take a more strategic approach to hiring. While there may be more competition new job seekers can set themselves up for success by ensuring they are prepared",https://mirror.test/row42
Dhamova Inc,Dhamova Inc news roundup,2023-08-17 08:00:00,"Vancouver British Columbia--(Newsfile Corp. - August 9 2023) - Nevada Lithium Resources Inc. (CSE: NVLH) (OTCQB: NVLHF) (FSE: 87K) ('""Nevada Lithium'"" or the '""Company'"") is pleased to provide an update on the 2023 mineral exploration and development work on ...",https://mirror.test/row43
WizSchool,WizSchool news roundup,2023-09-18 08:00:00,"'""Bloomberg'"" reports that Israeli cloud security company Wiz is considering acquiring Israeli cybersecurity company SentinelOne which has a market cap of over $4.8 billion. Israeli cybersecurity company Wiz is considering submitting an offer to buy Israeli ...",https://mirror.test/row44
Kidcredible,Kidcredible news roundup,2023-10-19 08:00:00,"NEW DELHI: Housing and Urban Affairs Secretary Manoj Joshi on Monday pitched for a '""credible framework'"" to differentiate between good and bad real estate developers enabling the realty sector in accessing credit easily from banks to build projects without ...",https://mirror.test/row45
Plurima,Plurima news roundup,2023-11-20 08:00:00,"PEMBROKE Bermuda June 07 2023--AXIS Capital Holdings Limited ('""AXIS Capital'"" or the '""Company'"") (NYSE: AXS) announced today the appointment of Lori Bailey as Global Head of Growth within the Global Cyber & Technology division. She reports to Dan Trueman ...",https://mirror.test/row46
Umami Games,Umami Games news roundup,2023-12-21 08:00:00,Nutritional yeast—or “nooch” as it’s lovingly referred to by fans—is an indispensable ingredient when it comes to dairy-free and plant-based or vegan cooking. With a noticeably cheesy flavor it’s the shelf-stable secret behind most vegan mac and cheese recipes,https://mirror.test/row47
Yesmovies,Yesmovies news roundup,2023-01-22 08:00:00,Through Jesmovies. Your favorite TV series from a classic or recent series of popular episodes worldwide is easy to find. yesmovies. To have a separate catalog for everyone who loves the series. All you need to do is select the series and search for the TV ...,https://mirror.test/row48
Discrepante.com,Discrepante.com news roundup,2023-02-23 08:00:00,The Isle of Man TT is the ultimate ''must see it'' event for motorsport fans across the globe. Every May and June the Isle of Man the tiny country between England and Ireland turns into motorcycle nirvana as the world''s greatest road racers gather to test ...,https://mirror.test/row49
Duelit,Duelit news roundup,2023-03-24 08:00:00,Bad broadband is more than just a mild inconvenience. We know how important it is to have a strong and stable connection good customer service when things go wrong and the reassurance that you''re getting value for money. That''s why we survey thousands of ...,https://mirror.test/row50
DaVita,DaVita news roundup,2023-04-25 08:00:00,All of us play a role in making you feel welcome. Customer Service: Need Help? Stop By the Information Desk If you''re visiting the hospital and need assistance please stop by our Information Desk. Our Information Desk is located in the lobby near the main ...,https://mirror.test/row51
Bybrand,Bybrand news roundup,2023-05-26 08:00:00,Email signature management tool Bybrand releases new free feature allowing users to create personalized handwritten signatures. Email signature management tool Bybrand has announced the release of a new feature that enables users to create free handwritten ...,https://mirror.test/row52
Lyft,Lyft news roundup,2023-06-27 08:00:00,You may have heard that Lyft wants to kill surge pricing. “Prime Time also called ‘surge pricing’ by Uber is where you basically don’t have enough driver supply so you have to price it high so it can send more drivers out there and also sort of suppress demand,https://mirror.test/row53
MedCrypt,MedCrypt news roundup,2023-07-01 08:00:00,Conventional penetration tests are a poor fit for assessing medical device safety and effectiveness risks. The MedCrypt-Stratigos partnership provides specialized penetration testing specifically designed for medical device manufacturers. These specialized ...,https://mirror.test/row54
Prismetric,Prismetric news roundup,2023-08-02 08:00:00,Read our research on: World Leaders | Artificial Intelligence | Affirmative Action Read our research on: World Leaders | Artificial Intelligence | Affirmative Action COVID-19 & Technology More than 44 million #BlackLivesMatter tweets from nearly 10 million ...,https://mirror.test/row55
DifferentAU,DifferentAU news roundup,2023-09-03 08:00:00,Winnipeg Jets (26-13-1 second in the Central Division) vs. Detroit Red Wings (16-15-7 sixth in the Atlantic Division) Detroit; Tuesday 7 p.m. EST BOTTOM LINE: The Detroit Red Wings look to end their three-game losing streak when they take on the Winnipeg Jets.,https://mirror.test/row56
ZaloPay,ZaloPay news roundup,2023-10-04 08:00:00,With the annual IRS tax filing deadline approaching majorities of Americans continue to be bothered by the feeling that some corporations and wealthy people do not pay their fair share in taxes. Majorities also say they would like taxes on these groups to ...,https://mirror.test/row57
Nutrisense,Nutrisense news roundup,2023-11-05 08:00:00,Every Nutrisense subscriber is paired with a nutritionist who provides personalized guidance and support. Your dietitian will help you understand your glucose data and provide expert advice on adjusting your diet and lifestyle to optimize your blood sugar ...,https://mirror.test/row58
Marstrom Composite,Marstrom Composite news roundup,2023-12-06 08:00:00,A composite type represents the structure of a row or record; it is essentially just a list of field names and their data types. PostgreSQL allows composite types to be used in many of the same ways that simple types can be used. For example a column of a ...,https://mirror.test/row59
Biomeb,Biomeb news roundup,2023-01-07 08:00:00,In most cases access to the domain will be available within one to two hours of purchase however access to domains purchased after business hours will be available within the next business day. How this works. How payment plans work Rather than paying the ...,https://mirror.test/row60
Cardsetter,Cardsetter news roundup,2023-02-08 08:00:00,Discover: Jessica Baldwin is the co-founder of Cardsetter a new and easy-to-use website platform with custom design and setup included. Baldwin has been helping small businesses launch successful websites for over seven years. She also spent more than ten ...,https://mirror.test/row61
Ethereum Foundation,Ethereum Foundation news roundup,2023-03-09 08:00:00,The Algorand Foundation may need to retool its marketing strategy to stay competitive with the Cardanos and Ethereum of the world. I am not planning to sell my handful of Algorand tokens in a rage but I''m also not inspired to buy more in this deep price dip.,https://mirror.test/row62
Skyfire Digital,Skyfire Digital news roundup,2023-04-10 08:00:00,"The margarita is synonymous with Santa Fe. The Margarita Trail connects nearly 50 different restaurants and bars across Santa Fe County. Each restaurant has a specialty drink on the trail such as the '""Holy Margarita'"" at SkyFire Restaurant at Bishop''s Lodge",https://mirror.test/row63
metadata.io,metadata.io news roundup,2023-05-11 08:00:00,Meta was fined an additional $5.9 million for violating EU data protection regulations with WhatsApp messaging app. Social media giant Meta has been fined an additional 5.5 million euros ($5.9 million) for violating EU data protection regulations with its ...,https://mirror.test/row64
Intelliber,Intelliber news roundup,2023-06-12 08:00:00,In most cases access to the domain will be available within one to two hours of purchase however access to domains purchased after business hours will be available within the next business day. How this works. How payment plans work Rather than paying the ...,https://mirror.test/row65
ALIBABA GROUP HOLDING LIMITED,ALIBABA GROUP HOLDING LIMITED news roundup,2023-07-13 08:00:00,Alibaba Group Holding Limited''s (NYSE: BABA) Alipay Baidu Inc (NASDAQ: BIDU) and other mini-programs. As the service provider substantially involved with China''s leading Internet companies WeTrade Group will also integrate AI technology into the company ...,https://mirror.test/row66
Giftah,Giftah news roundup,2023-08-14 08:00:00,Fuel for the Soul with John Giftah - season - 1 is a English album released on 11 May 2023. Fuel for the Soul with John Giftah - season - 1 Album has 817 songs sung by John Giftah. Listen to all songs in high quality & download Fuel for the Soul with John ...,https://mirror.test/row67
Aiator,Aiator news roundup,2023-09-15 08:00:00,Both Akinator and 20Q are online guessing games that attempt to guess what you are thinking 20Q is a multiple choice game while Akinator is a series of questions. Guess the Mystery is an interactive puzzle game that takes you on a journey of discovery and ...,https://mirror.test/row68
Coconomi,Coconomi news roundup,2023-10-16 08:00:00,In most cases access to the domain will be available within one to two hours of purchase however access to domains purchased after business hours will be available within the next business day. How this works. How payment plans work Rather than paying the ...,https://mirror.test/row69
Flipkart,Flipkart news roundup,2023-11-17 08:00:00,Flipkart is back with a new sale event on its platform. The company''s Flipkart Electronics sale is live and will continue to run until March 30. During this period the e-commerce giant is offering decent deals on 5G phones. Several devices are available ...,https://mirror.test/row70
Shugert Marketing,Shugert Marketing news roundup,2023-12-18 08:00:00,The School of Marketing emphasizes hands-on experiences with many courses using client-based projects and service learning to teach concepts and connect with business people in our local and regional community. Our programs challenge students and provide ...,https://mirror.test/row71
Octos Global Solutions,Octos Global Solutions news roundup,2023-01-19 08:00:00,IANSHINDI L&T Technology Services incorporated in the year 2012 is a Mid Cap company (having a market cap of Rs 39869.71 Crore) operating in IT Software sector. Sharekhan by BNP Paribas has hold call on L&T Technology Services with a target price of Rs 3800.,https://mirror.test/row72
Defiant Wallet,Defiant Wallet news roundup,2023-02-20 08:00:00,"Wagner Group''s leader Yevgeny Prigozhin has defiantly responded to Russian President Vladimir Putin. Putin had said that the '""armed mutiny'"" was a '""betrayal'"" and vowed that Russia would defend itself. Prigozhin said his men were patriots and will not ...",https://mirror.test/row73
Curemark,Curemark news roundup,2023-03-21 08:00:00,CM-AT is under clinical development by Curemark and currently in Phase III for Autism Spectrum Disorder (ASD). According to GlobalData Phase III drugs for Autism Spectrum Disorder (ASD) have a 13% phase transition success rate (PTSR) indication benchmark ...,https://mirror.test/row74
Hupro Japan,Hupro Japan news roundup,2023-04-22 08:00:00,When you think of Japanese food what do you normally think of? Maybe sushi and teriyaki-drenched chicken or how about sitting at a large table with people you don''t know with a chef that cooks your meal in front of you? Like many other foods from around ...,https://mirror.test/row75
Sogou,Sogou news roundup,2023-05-23 08:00:00,(Yicai Global) April 11 -- The founder of Chinese search engine operator Sogou has established Baichuan Intelligence an artificial intelligence company with USD50 million of startup capital. Baichuan Intelligence will aim to become the Chinese version of ...,https://mirror.test/row76
EcoStart,EcoStart news roundup,2023-06-24 08:00:00,Dishwashers are an underappreciated appliance. If you''re getting by without one you know that washing by hand is a tedious chore that plays havoc on your hands. The best dishwashers will quietly and quickly clean dishes and glasses for you. It shouldn’t ...,https://mirror.test/row77
WARPSPACE,WARPSPACE news roundup,2023-07-25 08:00:00,To evaluate various emerging trends in Data center industry. To analyze the initiatives taken and regulations implemented to increase sustainable practices. To analyze the various types of technologies currently deployed. To evaluate the major players in ...,https://mirror.test/row78
tofuNFT,tofuNFT news roundup,2023-08-26 08:00:00,Weitere Partner sind der Gaming-NFT-Marktplatz tofuNFT das Gaming-Technologie-Studio Mythical das japanische Gaming- und Social-Media-Unternehmen GREE und der japanischen Telekommunikationsanbieter SoftBank. Die Blockchain soll dabei die Probleme bei der ...,https://mirror.test/row79
Zatiq,Zatiq news roundup,2023-09-27 08:00:00,Zatiq Payment started its journey in 2022 with an idea to digitise the payment system of small businesses throughout the country. Its founders came up with the ''clever'' idea of building a calculator-like device where small businesses could record their ...,https://mirror.test/row80
Neticle,Neticle news roundup,2023-10-01 08:00:00,Neticle media monitoring company checked what internet users say about the banking services on online platforms romaniajournal.ro informs. Based on the online mentions of the top 5 Romanian banks there are areas which need improvement. What service items ...,https://mirror.test/row81
BrainHi,BrainHi news roundup,2023-11-02 08:00:00,On-Island Innovation One of the many small to medium-sized tech businesses on the island Puerto Rico-based software company BrainHi is reinventing how medical offices and hospitals communicate with patients. Established in 2017 days after Hurricane Maria ...,https://mirror.test/row82
BigCommerce Holdings,BigCommerce Holdings news roundup,2023-12-03 08:00:00,BigCommerce Holdings (NASDAQ:BIGC) has observed the following analyst ratings within the last quarter: According to 7 analyst offering 12-month price targets in the last 3 months BigCommerce Holdings has an average price target of $12.71 with a high of $ ...,https://mirror.test/row83
Tekpon,Tekpon news roundup,2023-01-04 08:00:00,"Before Mark Salatino was analyzing deposit trends and products for U.S. Bank he was playing the trombone with the Rochester Philharmonic Orchestra in Rochester New York. '""I got involved in negotiating orchestra contracts and that made me realize maybe I ...",https://mirror.test/row84
Teikhos Tech,Teikhos Tech news roundup,2023-02-05 08:00:00,If you have questions about residency please see our Residency page. Change in term and/or year you will enter Virginia Tech as a student* Please see Deferring Your Enrollment. Change in housing status as it relates to on-campus or off-campus options All ...,https://mirror.test/row85
SmartPush,SmartPush news roundup,2023-03-06 08:00:00,Are strong solvent effects after QuEChERS a challenge in your LC or LC/MS analysis? Agilent Feed Injection offers a solution. Learn more about this technology and application examples from food safety in this webinar. In recent years QuEChERS has greatly ...,https://mirror.test/row86
TechForUkraine,TechForUkraine news roundup,2023-04-07 08:00:00,The struggle to find tech talent in financial services is very real. Banks have cited a lack of tech skills in job candidates as one of their top challenges for the post-pandemic era. That’s why the fight to onboard and keep talent is heating up. Workers ...,https://mirror.test/row87
Aliud,Aliud news roundup,2023-05-08 08:00:00,Säuglinge unter 1 Jahr: Das Arzneimittel darf nicht angewendet werden. Kinder unter 12 Jahren: Das Arzneimittel sollte in dieser Altersgruppe in der Regel nicht angewendet werden. Ältere Patienten ab 75 Jahren: Die Behandlung sollte mit Ihrem Arzt gut ab ...,https://mirror.test/row88
SlashDB,SlashDB news roundup,2023-06-09 08:00:00,"An Indigenous community in Indonesia has requested an internet blackout in their area to minimise the '""negative impact'"" of the online world officials said Friday. The Baduy a community of 26000 people in Banten province on Java island divide themselves ...",https://mirror.test/row89
Digistore24 DACH,Digistore24 DACH news roundup,2023-07-10 08:00:00,Ein Auto ist am Freitag in Habsburg AG von der Strasse abgekommen. Es überschlug sich und landete auf dem Dach. Der Fahrer (42) und sein Beifahrer (20) mussten leicht verletzt ins Spital. Verkehrsunfall im Kanton Aargau: Auf der Strasse zwischen Habsburg ...,https://mirror.test/row90
Wedy,Wedy news roundup,2023-08-11 08:00:00,"Movie and television writers are overall delighted with how things turned out in the recent contract negotiations with the studios. '""I think that we got everything that we really really wanted'"" Writers Guild East president Lisa Takeuchi Cullen told the ...",https://mirror.test/row91
2Miners,2Miners news roundup,2023-09-12 08:00:00,2miners Eth Payout - Invest Sehow to figure out cap rate on investment propertyhow to start a real estate investment companyhow do i invest in xrpis amp coin a good investment Kives worked as an aide to Hillary Clinton when she was the Democratic senator ...,https://mirror.test/row92
Mahalo Technologies Inc.,Mahalo Technologies Inc. news roundup,2023-10-13 08:00:00,The volatility ratio for the week is 2.19% and the volatility levels for the last 30 days are 2.22% for Akamai Technologies Inc. The simple moving average for the last 20 days is -12.68% for AKAM stock with a simple moving average of -18.98% for the last ...,https://mirror.test/row93
liveapp,liveapp news roundup,2023-11-14 08:00:00,LiveApp Play turns your iPhone iPad or Mac with Apple silicon into a professional video playback device. The video list and all settings can be viewed on the device screen while the videos are played back full screen and without overlays on the connected ...,https://mirror.test/row94
PRC Applications,PRC Applications news roundup,2023-12-15 08:00:00,The Professional Regulatory Commission (PRC) implemented the online oathtaking application and ceremony as a solution to the restrictions brought by the pandemic. Inductees attending must ensure their set-up area has a reliable internet connection and is ...,https://mirror.test/row95
PlanetWatch,PlanetWatch news roundup,2023-01-16 08:00:00,Risk Disclosure: Trading in financial instruments and/or cryptocurrencies involves high risks including the risk of losing some or all of your investment amount and may not be suitable for all investors. Prices of cryptocurrencies are extremely volatile ...,https://mirror.test/row96
Woleet,Woleet news roundup,2023-02-17 08:00:00,The credit cards in your wallet are probably far from the first thing on your mind. However 2023 credit card trends may have a great impact on your financial health. What you do (or don’t do) with your credit cards in the new year can make a significant ...,https://mirror.test/row97
McGinley Orthopaedic Innovations,McGinley Orthopaedic Innovations news roundup,2023-03-18 08:00:00,Andrew McGinley has shared a heartwarming post with his followers detailing a recent ''sign'' he received from his three late children. Mr McGinley''s children Conor Darragh and Carla were killed by his wife Deirdre Morley in January 2020. Ms Morley was ...,https://mirror.test/row98
Abazias Diamonds,Abazias Diamonds news roundup,2023-04-19 08:00:00,The Deep Dive: In addition to all having an adjustable hosel that lets players and fitters increase or decrease the lofts the Paradym Paradym X and Paradym Triple Diamond share three features that enhance their performance. Callaway has designed drivers ...,https://mirror.test/row99
DAOLaunch,DAOLaunch news roundup,2023-05-20 08:00:00,SeaPad recently announced an official partnership with DAOLaunch. The announcement was made on the SeaPad Twitter account. According to the tweet SeaPad is trying to connect investors with crypto and blockchain startups. The platform will allow emerging ...,https://mirror.test/row100
Tmxmall,Tmxmall news roundup,2023-06-21 08:00:00,"Tmxmall a local online translation service provider will work with Sanda to research on vectorization classification of writing texts of corpus-based language learners. '""Corpus data is a very important digital asset for the linguistics industry and can ...",https://mirror.test/row101
CellARide,CellARide news roundup,2023-07-22 08:00:00,About The Host: Josh Holstein is an accomplished technology leader with over 20 years of experience. He is the Founder & CEO of CellARide a midwest technology company pioneering automotive marketing technology one message at a time. With headquarters in ...,https://mirror.test/row102
Binomo,Binomo news roundup,2023-08-23 08:00:00,A document verification service for secure deposits and withdrawals of funds; A password validation system that helps the user create a strong password; Two-factor authentication (2FA) that prevents scammers from gaining access to the trader''s personal ...,https://mirror.test/row103
Taptap Digital,Taptap Digital news roundup,2023-09-24 08:00:00,Much like the digital television switchover in 2012 the digital radio switchover will see a change in the source of radio entertainment from an analogue platform (FM and AM for example) to a digital one. As such in order to listen to radio stations that ...,https://mirror.test/row104
BDEX,BDEX news roundup,2023-10-25 08:00:00,BDEX the first and largest consumer data exchange platform (DXP) in the U.S. today announced updates to its latest identity graph capabilities designed to mitigate a recent surge in fraud activities in the digital advertising market. By implementing new ...,https://mirror.test/row105
Wellinks,Wellinks news roundup,2023-11-26 08:00:00,We received our certification with no remediations or findings and a large national prospect began their risk and security assessment of Wellinks shortly after completing it in just days with no concerns. Strike Graph provided all the necessary tools to ...,https://mirror.test/row106
Emerson Electric,Emerson Electric news roundup,2023-12-27 08:00:00,Magna International Inc. says it will engineer and build electric off-road vehicles for U.K.-based industrial conglomerate Ineos Group Ltd. Aurora Ont.-based Magna says the contract will see it produce the vehicles at its facility in Graz Austria with a ...,https://mirror.test/row107
Left Lane Capital,Left Lane Capital news roundup,2023-01-01 08:00:00,The Vermont Agency of Transportation announced Thursday that the I-91 southbound lane between Exit 6 and Exit 5 in Westminster has returned to its original traffic pattern using the southbound crossover to the northbound lane around the bridge construction.,https://mirror.test/row108
Planless,Planless news roundup,2023-02-02 08:00:00,At 101 stories high Taiwan''s tallest skyscraper boasts spectacular views and high-end shopping boutiques including Gucci Prada and Louis Vuitton. There''s also a Din Tai Fung on the basement level. This award is our highest recognition and is presented ...,https://mirror.test/row109
FreshGrade,FreshGrade news roundup,2023-03-03 08:00:00,In today’s post we are adding another excellent platform called FreshGrade that enables teachers and students to easily capture learning using a wide variety of rich media artifacts. FreshGrade allows students to document their learning through pictures ...,https://mirror.test/row110
SDNsquare,SDNsquare news roundup,2023-04-04 08:00:00,Tata Communications has announced it intends to acquire global end-to-end live video production and transmission services provider The Switch. Under the terms of the agreement Tata Communications has agreed to acquire a 100 per cent equity stake in The ...,https://mirror.test/row111
Tailor Brands,Tailor Brands news roundup,2023-05-05 08:00:00,Assistants wielding multiple livestreaming mobile phones are now as crucial to Roshan Melwani''s tailor shop as the measuring tapes needles and fabrics that have made his Hong Kong family business so famous. The Melwani family has dressed everyone from ...,https://mirror.test/row112
Infowijs,Infowijs news roundup,2023-06-06 08:00:00,Ben jij een ouder leerling of medewerker van Het Noordik? Download dan nu de app van Het Noordik en log in met de gegevens die je via mail hebt ontvangen. Geen uitnodiging gehad maar wel altijd het laatste nieuws van Het Noordik in de broekzak? Dat kan ...,https://mirror.test/row113
